{
  "LogisticRegression": {
    "val": {
      "accuracy": 0.9413333333333334,
      "precision": 0.8114754098360656,
      "recall": 0.825,
      "f1": 0.8181818181818182,
      "roc_auc": 0.9751851851851852
    },
    "test": {
      "accuracy": 0.9453333333333334,
      "precision": 0.8211382113821138,
      "recall": 0.8416666666666667,
      "f1": 0.831275720164609,
      "roc_auc": 0.979378306878307
    },
    "best_params": {
      "C": 1.0
    }
  },
  "RandomForest": {
    "val": {
      "accuracy": 0.956,
      "precision": 0.8849557522123894,
      "recall": 0.8333333333333334,
      "f1": 0.8583690987124464,
      "roc_auc": 0.9818121693121693
    },
    "test": {
      "accuracy": 0.9546666666666667,
      "precision": 0.8839285714285714,
      "recall": 0.825,
      "f1": 0.853448275862069,
      "roc_auc": 0.9856084656084656
    },
    "best_params": {
      "max_depth": 10,
      "n_estimators": 100
    }
  }
}